tool,repository,success,timeout,duration_sec,token_total,token_method,failure_reason,log_path,result_path,from_rerun
claude_code,"acme",True,False,1187.17,22590,usage_max,"","experiment/results_merged_all_tools/merged_all_300_20260414-150349/artifacts/claude_code/acme/run.log","experiment/results_merged_all_tools/merged_all_300_20260414-150349/artifacts/claude_code/acme/result.json",False
claude_code,"adaptix",True,False,202.21,21702,usage_max,"","experiment/results_merged_all_tools/merged_all_300_20260414-150349/artifacts/claude_code/adaptix/run.log","experiment/results_merged_all_tools/merged_all_300_20260414-150349/artifacts/claude_code/adaptix/result.json",False
claude_code,"aiogram_dialog",True,False,136.1,21631,usage_max,"","experiment/results_merged_all_tools/merged_all_300_20260414-150349/artifacts/claude_code/aiogram_dialog/run.log","experiment/results_merged_all_tools/merged_all_300_20260414-150349/artifacts/claude_code/aiogram_dialog/result.json",False
claude_code,"ajenti",False,False,538.51,22939,usage_max,"phase2_guilty","experiment/results_merged_all_tools/merged_all_300_20260414-150349/artifacts/claude_code/ajenti/run.log","experiment/results_merged_all_tools/merged_all_300_20260414-150349/artifacts/claude_code/ajenti/result.json",False
claude_code,"androidviewclient",True,False,252.04,21786,usage_max,"","experiment/results_merged_all_tools/merged_all_300_20260414-150349/artifacts/claude_code/androidviewclient/run.log","experiment/results_merged_all_tools/merged_all_300_20260414-150349/artifacts/claude_code/androidviewclient/result.json",False
claude_code,"apiflask",True,False,182.77,22418,usage_max,"","experiment/results_merged_all_tools/merged_all_300_20260414-150349/artifacts/claude_code/apiflask/run.log","experiment/results_merged_all_tools/merged_all_300_20260414-150349/artifacts/claude_code/apiflask/result.json",False
claude_code,"armi",True,False,356.34,21855,usage_max,"","experiment/results_merged_all_tools/merged_all_300_20260414-150349/artifacts/claude_code/armi/run.log","experiment/results_merged_all_tools/merged_all_300_20260414-150349/artifacts/claude_code/armi/result.json",False
claude_code,"asdf-standard",True,False,109.53,21695,usage_max,"","experiment/results_merged_all_tools/merged_all_300_20260414-150349/artifacts/claude_code/asdf-standard/run.log","experiment/results_merged_all_tools/merged_all_300_20260414-150349/artifacts/claude_code/asdf-standard/result.json",False
claude_code,"autograd",True,False,185.46,21782,usage_max,"","experiment/results_merged_all_tools/merged_all_300_20260414-150349/artifacts/claude_code/autograd/run.log","experiment/results_merged_all_tools/merged_all_300_20260414-150349/artifacts/claude_code/autograd/result.json",False
claude_code,"automlbenchmark",True,False,728.09,21775,usage_max,"","experiment/results_merged_all_tools/merged_all_300_20260414-150349/artifacts/claude_code/automlbenchmark/run.log","experiment/results_merged_all_tools/merged_all_300_20260414-150349/artifacts/claude_code/automlbenchmark/result.json",False
claude_code,"bitcart",True,False,345.43,21844,usage_max,"","experiment/results_merged_all_tools/merged_all_300_20260414-150349/artifacts/claude_code/bitcart/run.log","experiment/results_merged_all_tools/merged_all_300_20260414-150349/artifacts/claude_code/bitcart/result.json",False
claude_code,"briefcase",True,False,220.33,21778,usage_max,"","experiment/results_merged_all_tools/merged_all_300_20260414-150349/artifacts/claude_code/briefcase/run.log","experiment/results_merged_all_tools/merged_all_300_20260414-150349/artifacts/claude_code/briefcase/result.json",False
claude_code,"cantools",True,False,151.18,21766,usage_max,"","experiment/results_merged_all_tools/merged_all_300_20260414-150349/artifacts/claude_code/cantools/run.log","experiment/results_merged_all_tools/merged_all_300_20260414-150349/artifacts/claude_code/cantools/result.json",False
claude_code,"cclib",True,False,422.31,21921,usage_max,"","experiment/results_merged_all_tools/merged_all_300_20260414-150349/artifacts/claude_code/cclib/run.log","experiment/results_merged_all_tools/merged_all_300_20260414-150349/artifacts/claude_code/cclib/result.json",False
claude_code,"cellrank",True,False,1185.39,21951,usage_max,"","experiment/results_merged_all_tools/merged_all_300_20260414-150349/artifacts/claude_code/cellrank/run.log","experiment/results_merged_all_tools/merged_all_300_20260414-150349/artifacts/claude_code/cellrank/result.json",True
claude_code,"cheroot",True,False,182.21,21732,usage_max,"","experiment/results_merged_all_tools/merged_all_300_20260414-150349/artifacts/claude_code/cheroot/run.log","experiment/results_merged_all_tools/merged_all_300_20260414-150349/artifacts/claude_code/cheroot/result.json",True
claude_code,"civet",True,False,2832.88,23707,usage_max,"","experiment/results_merged_all_tools/merged_all_300_20260414-150349/artifacts/claude_code/civet/run.log","experiment/results_merged_all_tools/merged_all_300_20260414-150349/artifacts/claude_code/civet/result.json",True
claude_code,"columnflow",False,False,357.76,21775,usage_max,"phase2_guilty","experiment/results_merged_all_tools/merged_all_300_20260414-150349/artifacts/claude_code/columnflow/run.log","experiment/results_merged_all_tools/merged_all_300_20260414-150349/artifacts/claude_code/columnflow/result.json",False
claude_code,"connexion",True,False,243.51,21683,usage_max,"","experiment/results_merged_all_tools/merged_all_300_20260414-150349/artifacts/claude_code/connexion/run.log","experiment/results_merged_all_tools/merged_all_300_20260414-150349/artifacts/claude_code/connexion/result.json",False
claude_code,"cookiecutter",True,False,165.36,21820,usage_max,"","experiment/results_merged_all_tools/merged_all_300_20260414-150349/artifacts/claude_code/cookiecutter/run.log","experiment/results_merged_all_tools/merged_all_300_20260414-150349/artifacts/claude_code/cookiecutter/result.json",False
claude_code,"datamol",True,False,347.62,21625,usage_max,"","experiment/results_merged_all_tools/merged_all_300_20260414-150349/artifacts/claude_code/datamol/run.log","experiment/results_merged_all_tools/merged_all_300_20260414-150349/artifacts/claude_code/datamol/result.json",False
claude_code,"datasets",False,True,3600.1,0,none,"timeout","experiment/results_merged_all_tools/merged_all_300_20260414-150349/artifacts/claude_code/datasets/run.log","experiment/results_merged_all_tools/merged_all_300_20260414-150349/artifacts/claude_code/datasets/result.json",True
claude_code,"dj-stripe",True,False,646.59,21668,usage_max,"","experiment/results_merged_all_tools/merged_all_300_20260414-150349/artifacts/claude_code/dj-stripe/run.log","experiment/results_merged_all_tools/merged_all_300_20260414-150349/artifacts/claude_code/dj-stripe/result.json",False
claude_code,"django-autocomplete-light",False,False,205.34,21746,usage_max,"phase2_guilty","experiment/results_merged_all_tools/merged_all_300_20260414-150349/artifacts/claude_code/django-autocomplete-light/run.log","experiment/results_merged_all_tools/merged_all_300_20260414-150349/artifacts/claude_code/django-autocomplete-light/result.json",False
claude_code,"django-lfs",False,False,667.3,21810,usage_max,"phase2_guilty","experiment/results_merged_all_tools/merged_all_300_20260414-150349/artifacts/claude_code/django-lfs/run.log","experiment/results_merged_all_tools/merged_all_300_20260414-150349/artifacts/claude_code/django-lfs/result.json",False
claude_code,"evox",False,False,924.19,22739,usage_max,"phase2_guilty","experiment/results_merged_all_tools/merged_all_300_20260414-150349/artifacts/claude_code/evox/run.log","experiment/results_merged_all_tools/merged_all_300_20260414-150349/artifacts/claude_code/evox/result.json",False
claude_code,"fabric",True,False,175.89,21662,usage_max,"","experiment/results_merged_all_tools/merged_all_300_20260414-150349/artifacts/claude_code/fabric/run.log","experiment/results_merged_all_tools/merged_all_300_20260414-150349/artifacts/claude_code/fabric/result.json",False
claude_code,"fastapi-pagination",True,False,154.71,21739,usage_max,"","experiment/results_merged_all_tools/merged_all_300_20260414-150349/artifacts/claude_code/fastapi-pagination/run.log","experiment/results_merged_all_tools/merged_all_300_20260414-150349/artifacts/claude_code/fastapi-pagination/result.json",False
claude_code,"featuretools",True,False,663.56,22172,usage_max,"","experiment/results_merged_all_tools/merged_all_300_20260414-150349/artifacts/claude_code/featuretools/run.log","experiment/results_merged_all_tools/merged_all_300_20260414-150349/artifacts/claude_code/featuretools/result.json",False
claude_code,"fhempy",False,False,462.13,21782,usage_max,"phase2_guilty","experiment/results_merged_all_tools/merged_all_300_20260414-150349/artifacts/claude_code/fhempy/run.log","experiment/results_merged_all_tools/merged_all_300_20260414-150349/artifacts/claude_code/fhempy/result.json",False
claude_code,"flavio",True,False,435.56,21664,usage_max,"","experiment/results_merged_all_tools/merged_all_300_20260414-150349/artifacts/claude_code/flavio/run.log","experiment/results_merged_all_tools/merged_all_300_20260414-150349/artifacts/claude_code/flavio/result.json",False
claude_code,"giskard",True,False,178.45,21781,usage_max,"","experiment/results_merged_all_tools/merged_all_300_20260414-150349/artifacts/claude_code/giskard/run.log","experiment/results_merged_all_tools/merged_all_300_20260414-150349/artifacts/claude_code/giskard/result.json",False
claude_code,"gpflow",True,False,1105.41,21949,usage_max,"","experiment/results_merged_all_tools/merged_all_300_20260414-150349/artifacts/claude_code/gpflow/run.log","experiment/results_merged_all_tools/merged_all_300_20260414-150349/artifacts/claude_code/gpflow/result.json",False
claude_code,"great-tables",True,False,360.78,21823,usage_max,"","experiment/results_merged_all_tools/merged_all_300_20260414-150349/artifacts/claude_code/great-tables/run.log","experiment/results_merged_all_tools/merged_all_300_20260414-150349/artifacts/claude_code/great-tables/result.json",False
claude_code,"guardrails",True,False,328.92,21980,usage_max,"","experiment/results_merged_all_tools/merged_all_300_20260414-150349/artifacts/claude_code/guardrails/run.log","experiment/results_merged_all_tools/merged_all_300_20260414-150349/artifacts/claude_code/guardrails/result.json",False
claude_code,"hacs_waste_collection_schedule",True,False,204.36,21797,usage_max,"","experiment/results_merged_all_tools/merged_all_300_20260414-150349/artifacts/claude_code/hacs_waste_collection_schedule/run.log","experiment/results_merged_all_tools/merged_all_300_20260414-150349/artifacts/claude_code/hacs_waste_collection_schedule/result.json",False
claude_code,"huxley",True,False,597.56,21779,usage_max,"","experiment/results_merged_all_tools/merged_all_300_20260414-150349/artifacts/claude_code/huxley/run.log","experiment/results_merged_all_tools/merged_all_300_20260414-150349/artifacts/claude_code/huxley/result.json",False
claude_code,"hydra",True,False,575.22,21630,usage_max,"","experiment/results_merged_all_tools/merged_all_300_20260414-150349/artifacts/claude_code/hydra/run.log","experiment/results_merged_all_tools/merged_all_300_20260414-150349/artifacts/claude_code/hydra/result.json",False
claude_code,"ilamb",True,False,741.68,21789,usage_max,"","experiment/results_merged_all_tools/merged_all_300_20260414-150349/artifacts/claude_code/ilamb/run.log","experiment/results_merged_all_tools/merged_all_300_20260414-150349/artifacts/claude_code/ilamb/result.json",False
claude_code,"importlib_metadata",True,False,278.33,21724,usage_max,"","experiment/results_merged_all_tools/merged_all_300_20260414-150349/artifacts/claude_code/importlib_metadata/run.log","experiment/results_merged_all_tools/merged_all_300_20260414-150349/artifacts/claude_code/importlib_metadata/result.json",False
claude_code,"improv",True,False,1674.88,21922,usage_max,"","experiment/results_merged_all_tools/merged_all_300_20260414-150349/artifacts/claude_code/improv/run.log","experiment/results_merged_all_tools/merged_all_300_20260414-150349/artifacts/claude_code/improv/result.json",False
claude_code,"kedro",True,False,607.15,21737,usage_max,"","experiment/results_merged_all_tools/merged_all_300_20260414-150349/artifacts/claude_code/kedro/run.log","experiment/results_merged_all_tools/merged_all_300_20260414-150349/artifacts/claude_code/kedro/result.json",False
claude_code,"kernel_tuner",True,False,249.02,21886,usage_max,"","experiment/results_merged_all_tools/merged_all_300_20260414-150349/artifacts/claude_code/kernel_tuner/run.log","experiment/results_merged_all_tools/merged_all_300_20260414-150349/artifacts/claude_code/kernel_tuner/result.json",False
claude_code,"keyring",True,False,119.01,21701,usage_max,"","experiment/results_merged_all_tools/merged_all_300_20260414-150349/artifacts/claude_code/keyring/run.log","experiment/results_merged_all_tools/merged_all_300_20260414-150349/artifacts/claude_code/keyring/result.json",False
claude_code,"kh2randomizer",False,False,1173.31,21679,usage_max,"phase2_guilty","experiment/results_merged_all_tools/merged_all_300_20260414-150349/artifacts/claude_code/kh2randomizer/run.log","experiment/results_merged_all_tools/merged_all_300_20260414-150349/artifacts/claude_code/kh2randomizer/result.json",False
claude_code,"langgraph",True,False,1198.53,23652,usage_max,"","experiment/results_merged_all_tools/merged_all_300_20260414-150349/artifacts/claude_code/langgraph/run.log","experiment/results_merged_all_tools/merged_all_300_20260414-150349/artifacts/claude_code/langgraph/result.json",False
claude_code,"lark",True,False,57.19,21677,usage_max,"","experiment/results_merged_all_tools/merged_all_300_20260414-150349/artifacts/claude_code/lark/run.log","experiment/results_merged_all_tools/merged_all_300_20260414-150349/artifacts/claude_code/lark/result.json",False
claude_code,"lifelines",True,False,1143.63,22383,usage_max,"","experiment/results_merged_all_tools/merged_all_300_20260414-150349/artifacts/claude_code/lifelines/run.log","experiment/results_merged_all_tools/merged_all_300_20260414-150349/artifacts/claude_code/lifelines/result.json",False
claude_code,"litgpt",True,False,544.01,21681,usage_max,"","experiment/results_merged_all_tools/merged_all_300_20260414-150349/artifacts/claude_code/litgpt/run.log","experiment/results_merged_all_tools/merged_all_300_20260414-150349/artifacts/claude_code/litgpt/result.json",True
claude_code,"luigi",False,False,268.48,22134,usage_max,"phase2_guilty","experiment/results_merged_all_tools/merged_all_300_20260414-150349/artifacts/claude_code/luigi/run.log","experiment/results_merged_all_tools/merged_all_300_20260414-150349/artifacts/claude_code/luigi/result.json",False
claude_code,"meerkat",False,False,803.91,22513,usage_max,"phase2_guilty","experiment/results_merged_all_tools/merged_all_300_20260414-150349/artifacts/claude_code/meerkat/run.log","experiment/results_merged_all_tools/merged_all_300_20260414-150349/artifacts/claude_code/meerkat/result.json",False
claude_code,"memegen",True,False,416.28,22040,usage_max,"","experiment/results_merged_all_tools/merged_all_300_20260414-150349/artifacts/claude_code/memegen/run.log","experiment/results_merged_all_tools/merged_all_300_20260414-150349/artifacts/claude_code/memegen/result.json",False
claude_code,"molecule",True,False,441.46,21800,usage_max,"","experiment/results_merged_all_tools/merged_all_300_20260414-150349/artifacts/claude_code/molecule/run.log","experiment/results_merged_all_tools/merged_all_300_20260414-150349/artifacts/claude_code/molecule/result.json",False
claude_code,"monty",True,False,128.08,21788,usage_max,"","experiment/results_merged_all_tools/merged_all_300_20260414-150349/artifacts/claude_code/monty/run.log","experiment/results_merged_all_tools/merged_all_300_20260414-150349/artifacts/claude_code/monty/result.json",False
claude_code,"mopidy",False,False,508.54,21957,usage_max,"phase2_guilty","experiment/results_merged_all_tools/merged_all_300_20260414-150349/artifacts/claude_code/mopidy/run.log","experiment/results_merged_all_tools/merged_all_300_20260414-150349/artifacts/claude_code/mopidy/result.json",False
claude_code,"mteb",False,False,2194.57,22555,usage_max,"phase2_guilty","experiment/results_merged_all_tools/merged_all_300_20260414-150349/artifacts/claude_code/mteb/run.log","experiment/results_merged_all_tools/merged_all_300_20260414-150349/artifacts/claude_code/mteb/result.json",True
claude_code,"netbox",False,False,774.51,22962,usage_max,"phase2_guilty","experiment/results_merged_all_tools/merged_all_300_20260414-150349/artifacts/claude_code/netbox/run.log","experiment/results_merged_all_tools/merged_all_300_20260414-150349/artifacts/claude_code/netbox/result.json",False
claude_code,"neuralforecast",True,False,772.1,22350,usage_max,"","experiment/results_merged_all_tools/merged_all_300_20260414-150349/artifacts/claude_code/neuralforecast/run.log","experiment/results_merged_all_tools/merged_all_300_20260414-150349/artifacts/claude_code/neuralforecast/result.json",False
claude_code,"neurogym",True,False,317.22,21837,usage_max,"","experiment/results_merged_all_tools/merged_all_300_20260414-150349/artifacts/claude_code/neurogym/run.log","experiment/results_merged_all_tools/merged_all_300_20260414-150349/artifacts/claude_code/neurogym/result.json",False
claude_code,"nevergrad",True,False,861.56,21681,usage_max,"","experiment/results_merged_all_tools/merged_all_300_20260414-150349/artifacts/claude_code/nevergrad/run.log","experiment/results_merged_all_tools/merged_all_300_20260414-150349/artifacts/claude_code/nevergrad/result.json",False
claude_code,"nonebot2",True,False,388.84,21723,usage_max,"","experiment/results_merged_all_tools/merged_all_300_20260414-150349/artifacts/claude_code/nonebot2/run.log","experiment/results_merged_all_tools/merged_all_300_20260414-150349/artifacts/claude_code/nonebot2/result.json",False
claude_code,"openqasm",True,False,840.59,22871,usage_max,"","experiment/results_merged_all_tools/merged_all_300_20260414-150349/artifacts/claude_code/openqasm/run.log","experiment/results_merged_all_tools/merged_all_300_20260414-150349/artifacts/claude_code/openqasm/result.json",False
claude_code,"piccolo",True,False,147.53,21769,usage_max,"","experiment/results_merged_all_tools/merged_all_300_20260414-150349/artifacts/claude_code/piccolo/run.log","experiment/results_merged_all_tools/merged_all_300_20260414-150349/artifacts/claude_code/piccolo/result.json",False
claude_code,"pip",True,False,453.95,21665,usage_max,"","experiment/results_merged_all_tools/merged_all_300_20260414-150349/artifacts/claude_code/pip/run.log","experiment/results_merged_all_tools/merged_all_300_20260414-150349/artifacts/claude_code/pip/result.json",False
claude_code,"pip-tools",True,False,409.39,21923,usage_max,"","experiment/results_merged_all_tools/merged_all_300_20260414-150349/artifacts/claude_code/pip-tools/run.log","experiment/results_merged_all_tools/merged_all_300_20260414-150349/artifacts/claude_code/pip-tools/result.json",False
claude_code,"platformio-core",False,False,1275.13,21822,usage_max,"phase2_guilty","experiment/results_merged_all_tools/merged_all_300_20260414-150349/artifacts/claude_code/platformio-core/run.log","experiment/results_merged_all_tools/merged_all_300_20260414-150349/artifacts/claude_code/platformio-core/result.json",False
claude_code,"plotnine",True,False,231.63,21743,usage_max,"","experiment/results_merged_all_tools/merged_all_300_20260414-150349/artifacts/claude_code/plotnine/run.log","experiment/results_merged_all_tools/merged_all_300_20260414-150349/artifacts/claude_code/plotnine/result.json",False
claude_code,"plugin.video.netflix",True,False,300.67,21811,usage_max,"","experiment/results_merged_all_tools/merged_all_300_20260414-150349/artifacts/claude_code/plugin.video.netflix/run.log","experiment/results_merged_all_tools/merged_all_300_20260414-150349/artifacts/claude_code/plugin.video.netflix/result.json",False
claude_code,"poetry",True,False,250.41,21806,usage_max,"","experiment/results_merged_all_tools/merged_all_300_20260414-150349/artifacts/claude_code/poetry/run.log","experiment/results_merged_all_tools/merged_all_300_20260414-150349/artifacts/claude_code/poetry/result.json",False
claude_code,"pretalx",True,False,624.51,21621,usage_max,"","experiment/results_merged_all_tools/merged_all_300_20260414-150349/artifacts/claude_code/pretalx/run.log","experiment/results_merged_all_tools/merged_all_300_20260414-150349/artifacts/claude_code/pretalx/result.json",False
claude_code,"proselint",True,False,125.11,21653,usage_max,"","experiment/results_merged_all_tools/merged_all_300_20260414-150349/artifacts/claude_code/proselint/run.log","experiment/results_merged_all_tools/merged_all_300_20260414-150349/artifacts/claude_code/proselint/result.json",False
claude_code,"py-evm",True,False,297.04,21766,usage_max,"","experiment/results_merged_all_tools/merged_all_300_20260414-150349/artifacts/claude_code/py-evm/run.log","experiment/results_merged_all_tools/merged_all_300_20260414-150349/artifacts/claude_code/py-evm/result.json",False
claude_code,"pyftpdlib",True,False,134.69,21763,usage_max,"","experiment/results_merged_all_tools/merged_all_300_20260414-150349/artifacts/claude_code/pyftpdlib/run.log","experiment/results_merged_all_tools/merged_all_300_20260414-150349/artifacts/claude_code/pyftpdlib/result.json",False
claude_code,"pypose",True,False,419.73,21701,usage_max,"","experiment/results_merged_all_tools/merged_all_300_20260414-150349/artifacts/claude_code/pypose/run.log","experiment/results_merged_all_tools/merged_all_300_20260414-150349/artifacts/claude_code/pypose/result.json",False
claude_code,"pytest-xdist",False,False,255.75,21901,usage_max,"phase2_guilty","experiment/results_merged_all_tools/merged_all_300_20260414-150349/artifacts/claude_code/pytest-xdist/run.log","experiment/results_merged_all_tools/merged_all_300_20260414-150349/artifacts/claude_code/pytest-xdist/result.json",False
claude_code,"python-control",True,False,342.28,21787,usage_max,"","experiment/results_merged_all_tools/merged_all_300_20260414-150349/artifacts/claude_code/python-control/run.log","experiment/results_merged_all_tools/merged_all_300_20260414-150349/artifacts/claude_code/python-control/result.json",False
claude_code,"python-holidays",False,False,31.63,21634,usage_max,"container_id_parse_failure","experiment/results_merged_all_tools/merged_all_300_20260414-150349/artifacts/claude_code/python-holidays/run.log","experiment/results_merged_all_tools/merged_all_300_20260414-150349/artifacts/claude_code/python-holidays/result.json",False
claude_code,"pytorch-metric-learning",True,False,1042.73,22375,usage_max,"","experiment/results_merged_all_tools/merged_all_300_20260414-150349/artifacts/claude_code/pytorch-metric-learning/run.log","experiment/results_merged_all_tools/merged_all_300_20260414-150349/artifacts/claude_code/pytorch-metric-learning/result.json",True
claude_code,"recipe-scrapers",True,False,302.6,21796,usage_max,"","experiment/results_merged_all_tools/merged_all_300_20260414-150349/artifacts/claude_code/recipe-scrapers/run.log","experiment/results_merged_all_tools/merged_all_300_20260414-150349/artifacts/claude_code/recipe-scrapers/result.json",False
claude_code,"river",True,False,542.75,21917,usage_max,"","experiment/results_merged_all_tools/merged_all_300_20260414-150349/artifacts/claude_code/river/run.log","experiment/results_merged_all_tools/merged_all_300_20260414-150349/artifacts/claude_code/river/result.json",False
claude_code,"rl4co",True,False,1273.05,22753,usage_max,"","experiment/results_merged_all_tools/merged_all_300_20260414-150349/artifacts/claude_code/rl4co/run.log","experiment/results_merged_all_tools/merged_all_300_20260414-150349/artifacts/claude_code/rl4co/result.json",False
claude_code,"robotframework",True,False,351.97,21830,usage_max,"","experiment/results_merged_all_tools/merged_all_300_20260414-150349/artifacts/claude_code/robotframework/run.log","experiment/results_merged_all_tools/merged_all_300_20260414-150349/artifacts/claude_code/robotframework/result.json",False
claude_code,"scvelo",True,False,640.6,21875,usage_max,"","experiment/results_merged_all_tools/merged_all_300_20260414-150349/artifacts/claude_code/scvelo/run.log","experiment/results_merged_all_tools/merged_all_300_20260414-150349/artifacts/claude_code/scvelo/result.json",False
claude_code,"sentry-python",True,False,588.98,28731,usage_max,"","experiment/results_merged_all_tools/merged_all_300_20260414-150349/artifacts/claude_code/sentry-python/run.log","experiment/results_merged_all_tools/merged_all_300_20260414-150349/artifacts/claude_code/sentry-python/result.json",False
claude_code,"skrub",True,False,676.25,22491,usage_max,"","experiment/results_merged_all_tools/merged_all_300_20260414-150349/artifacts/claude_code/skrub/run.log","experiment/results_merged_all_tools/merged_all_300_20260414-150349/artifacts/claude_code/skrub/result.json",False
claude_code,"smart_open",True,False,222.95,21798,usage_max,"","experiment/results_merged_all_tools/merged_all_300_20260414-150349/artifacts/claude_code/smart_open/run.log","experiment/results_merged_all_tools/merged_all_300_20260414-150349/artifacts/claude_code/smart_open/result.json",False
claude_code,"sphinx-gallery",True,False,312.15,21753,usage_max,"","experiment/results_merged_all_tools/merged_all_300_20260414-150349/artifacts/claude_code/sphinx-gallery/run.log","experiment/results_merged_all_tools/merged_all_300_20260414-150349/artifacts/claude_code/sphinx-gallery/result.json",False
claude_code,"supervision",True,False,818.87,22741,usage_max,"","experiment/results_merged_all_tools/merged_all_300_20260414-150349/artifacts/claude_code/supervision/run.log","experiment/results_merged_all_tools/merged_all_300_20260414-150349/artifacts/claude_code/supervision/result.json",False
claude_code,"tablib",True,False,82.41,21711,usage_max,"","experiment/results_merged_all_tools/merged_all_300_20260414-150349/artifacts/claude_code/tablib/run.log","experiment/results_merged_all_tools/merged_all_300_20260414-150349/artifacts/claude_code/tablib/result.json",False
claude_code,"tmuxp",True,False,189.52,26591,usage_max,"","experiment/results_merged_all_tools/merged_all_300_20260414-150349/artifacts/claude_code/tmuxp/run.log","experiment/results_merged_all_tools/merged_all_300_20260414-150349/artifacts/claude_code/tmuxp/result.json",False
claude_code,"torchgeo",True,False,837.77,22835,usage_max,"","experiment/results_merged_all_tools/merged_all_300_20260414-150349/artifacts/claude_code/torchgeo/run.log","experiment/results_merged_all_tools/merged_all_300_20260414-150349/artifacts/claude_code/torchgeo/result.json",False
claude_code,"tortoise-orm",True,False,155.49,21742,usage_max,"","experiment/results_merged_all_tools/merged_all_300_20260414-150349/artifacts/claude_code/tortoise-orm/run.log","experiment/results_merged_all_tools/merged_all_300_20260414-150349/artifacts/claude_code/tortoise-orm/result.json",False
claude_code,"trafilatura",True,False,553.1,21817,usage_max,"","experiment/results_merged_all_tools/merged_all_300_20260414-150349/artifacts/claude_code/trafilatura/run.log","experiment/results_merged_all_tools/merged_all_300_20260414-150349/artifacts/claude_code/trafilatura/result.json",False
claude_code,"trax",True,False,881.92,21824,usage_max,"","experiment/results_merged_all_tools/merged_all_300_20260414-150349/artifacts/claude_code/trax/run.log","experiment/results_merged_all_tools/merged_all_300_20260414-150349/artifacts/claude_code/trax/result.json",False
claude_code,"twine",True,False,283.14,21878,usage_max,"","experiment/results_merged_all_tools/merged_all_300_20260414-150349/artifacts/claude_code/twine/run.log","experiment/results_merged_all_tools/merged_all_300_20260414-150349/artifacts/claude_code/twine/result.json",False
claude_code,"umap",True,False,664.7,22181,usage_max,"","experiment/results_merged_all_tools/merged_all_300_20260414-150349/artifacts/claude_code/umap/run.log","experiment/results_merged_all_tools/merged_all_300_20260414-150349/artifacts/claude_code/umap/result.json",False
claude_code,"unyt",True,False,135.7,21718,usage_max,"","experiment/results_merged_all_tools/merged_all_300_20260414-150349/artifacts/claude_code/unyt/run.log","experiment/results_merged_all_tools/merged_all_300_20260414-150349/artifacts/claude_code/unyt/result.json",False
claude_code,"wagtailmenus",True,False,168.14,21743,usage_max,"","experiment/results_merged_all_tools/merged_all_300_20260414-150349/artifacts/claude_code/wagtailmenus/run.log","experiment/results_merged_all_tools/merged_all_300_20260414-150349/artifacts/claude_code/wagtailmenus/result.json",False
claude_code,"xknx",True,False,164.45,21816,usage_max,"","experiment/results_merged_all_tools/merged_all_300_20260414-150349/artifacts/claude_code/xknx/run.log","experiment/results_merged_all_tools/merged_all_300_20260414-150349/artifacts/claude_code/xknx/result.json",False
claude_code,"yapf",False,False,128.08,21756,usage_max,"phase2_guilty","experiment/results_merged_all_tools/merged_all_300_20260414-150349/artifacts/claude_code/yapf/run.log","experiment/results_merged_all_tools/merged_all_300_20260414-150349/artifacts/claude_code/yapf/result.json",False
open_code,"acme",True,False,631.82,59576,step_max_monotonic,"","experiment/results_merged_all_tools/merged_all_300_20260414-150349/artifacts/open_code/acme/run.log","experiment/results_merged_all_tools/merged_all_300_20260414-150349/artifacts/open_code/acme/result.json",False
open_code,"adaptix",True,False,324.72,28331,step_max_monotonic,"","experiment/results_merged_all_tools/merged_all_300_20260414-150349/artifacts/open_code/adaptix/run.log","experiment/results_merged_all_tools/merged_all_300_20260414-150349/artifacts/open_code/adaptix/result.json",False
open_code,"aiogram_dialog",True,False,430.55,30431,step_max_monotonic,"","experiment/results_merged_all_tools/merged_all_300_20260414-150349/artifacts/open_code/aiogram_dialog/run.log","experiment/results_merged_all_tools/merged_all_300_20260414-150349/artifacts/open_code/aiogram_dialog/result.json",False
open_code,"ajenti",True,False,910.26,47477,step_max_monotonic,"","experiment/results_merged_all_tools/merged_all_300_20260414-150349/artifacts/open_code/ajenti/run.log","experiment/results_merged_all_tools/merged_all_300_20260414-150349/artifacts/open_code/ajenti/result.json",False
open_code,"androidviewclient",True,False,235.35,40505,step_max_monotonic,"","experiment/results_merged_all_tools/merged_all_300_20260414-150349/artifacts/open_code/androidviewclient/run.log","experiment/results_merged_all_tools/merged_all_300_20260414-150349/artifacts/open_code/androidviewclient/result.json",True
open_code,"apiflask",True,False,147.36,35150,step_max_monotonic,"","experiment/results_merged_all_tools/merged_all_300_20260414-150349/artifacts/open_code/apiflask/run.log","experiment/results_merged_all_tools/merged_all_300_20260414-150349/artifacts/open_code/apiflask/result.json",False
open_code,"armi",True,False,531.2,60216,step_max_monotonic,"","experiment/results_merged_all_tools/merged_all_300_20260414-150349/artifacts/open_code/armi/run.log","experiment/results_merged_all_tools/merged_all_300_20260414-150349/artifacts/open_code/armi/result.json",False
open_code,"asdf-standard",True,False,163.6,28620,step_max_monotonic,"","experiment/results_merged_all_tools/merged_all_300_20260414-150349/artifacts/open_code/asdf-standard/run.log","experiment/results_merged_all_tools/merged_all_300_20260414-150349/artifacts/open_code/asdf-standard/result.json",False
open_code,"autograd",True,False,211.12,28724,step_max_monotonic,"","experiment/results_merged_all_tools/merged_all_300_20260414-150349/artifacts/open_code/autograd/run.log","experiment/results_merged_all_tools/merged_all_300_20260414-150349/artifacts/open_code/autograd/result.json",False
open_code,"automlbenchmark",True,False,723.93,45680,step_max_monotonic,"","experiment/results_merged_all_tools/merged_all_300_20260414-150349/artifacts/open_code/automlbenchmark/run.log","experiment/results_merged_all_tools/merged_all_300_20260414-150349/artifacts/open_code/automlbenchmark/result.json",False
open_code,"bitcart",False,False,906.22,33291,step_max_monotonic,"container_id_parse_failure","experiment/results_merged_all_tools/merged_all_300_20260414-150349/artifacts/open_code/bitcart/run.log","experiment/results_merged_all_tools/merged_all_300_20260414-150349/artifacts/open_code/bitcart/result.json",True
open_code,"briefcase",True,False,662.22,39811,step_max_monotonic,"","experiment/results_merged_all_tools/merged_all_300_20260414-150349/artifacts/open_code/briefcase/run.log","experiment/results_merged_all_tools/merged_all_300_20260414-150349/artifacts/open_code/briefcase/result.json",False
open_code,"cantools",True,False,135.55,30612,step_max_monotonic,"","experiment/results_merged_all_tools/merged_all_300_20260414-150349/artifacts/open_code/cantools/run.log","experiment/results_merged_all_tools/merged_all_300_20260414-150349/artifacts/open_code/cantools/result.json",False
open_code,"cclib",False,False,913.53,19570,step_max_monotonic,"container_id_parse_failure","experiment/results_merged_all_tools/merged_all_300_20260414-150349/artifacts/open_code/cclib/run.log","experiment/results_merged_all_tools/merged_all_300_20260414-150349/artifacts/open_code/cclib/result.json",True
open_code,"cellrank",False,False,915.23,31330,step_max_monotonic,"container_id_parse_failure","experiment/results_merged_all_tools/merged_all_300_20260414-150349/artifacts/open_code/cellrank/run.log","experiment/results_merged_all_tools/merged_all_300_20260414-150349/artifacts/open_code/cellrank/result.json",True
open_code,"cheroot",True,False,233.43,41936,step_max_monotonic,"","experiment/results_merged_all_tools/merged_all_300_20260414-150349/artifacts/open_code/cheroot/run.log","experiment/results_merged_all_tools/merged_all_300_20260414-150349/artifacts/open_code/cheroot/result.json",False
open_code,"civet",False,False,905.3,50606,step_max_monotonic,"container_id_parse_failure","experiment/results_merged_all_tools/merged_all_300_20260414-150349/artifacts/open_code/civet/run.log","experiment/results_merged_all_tools/merged_all_300_20260414-150349/artifacts/open_code/civet/result.json",True
open_code,"columnflow",True,False,301.21,68940,step_max_monotonic,"","experiment/results_merged_all_tools/merged_all_300_20260414-150349/artifacts/open_code/columnflow/run.log","experiment/results_merged_all_tools/merged_all_300_20260414-150349/artifacts/open_code/columnflow/result.json",True
open_code,"connexion",True,False,241.88,26024,step_max_monotonic,"","experiment/results_merged_all_tools/merged_all_300_20260414-150349/artifacts/open_code/connexion/run.log","experiment/results_merged_all_tools/merged_all_300_20260414-150349/artifacts/open_code/connexion/result.json",True
open_code,"cookiecutter",True,False,118.41,41778,step_max_monotonic,"","experiment/results_merged_all_tools/merged_all_300_20260414-150349/artifacts/open_code/cookiecutter/run.log","experiment/results_merged_all_tools/merged_all_300_20260414-150349/artifacts/open_code/cookiecutter/result.json",False
open_code,"datamol",True,False,441.96,39752,step_max_monotonic,"","experiment/results_merged_all_tools/merged_all_300_20260414-150349/artifacts/open_code/datamol/run.log","experiment/results_merged_all_tools/merged_all_300_20260414-150349/artifacts/open_code/datamol/result.json",False
open_code,"datasets",True,False,813.3,61603,step_max_monotonic,"","experiment/results_merged_all_tools/merged_all_300_20260414-150349/artifacts/open_code/datasets/run.log","experiment/results_merged_all_tools/merged_all_300_20260414-150349/artifacts/open_code/datasets/result.json",True
open_code,"dj-stripe",True,False,375.84,43031,step_max_monotonic,"","experiment/results_merged_all_tools/merged_all_300_20260414-150349/artifacts/open_code/dj-stripe/run.log","experiment/results_merged_all_tools/merged_all_300_20260414-150349/artifacts/open_code/dj-stripe/result.json",True
open_code,"django-autocomplete-light",False,False,939.91,27752,step_max_monotonic,"container_id_parse_failure","experiment/results_merged_all_tools/merged_all_300_20260414-150349/artifacts/open_code/django-autocomplete-light/run.log","experiment/results_merged_all_tools/merged_all_300_20260414-150349/artifacts/open_code/django-autocomplete-light/result.json",True
open_code,"django-lfs",False,False,908.1,34130,step_max_monotonic,"container_id_parse_failure","experiment/results_merged_all_tools/merged_all_300_20260414-150349/artifacts/open_code/django-lfs/run.log","experiment/results_merged_all_tools/merged_all_300_20260414-150349/artifacts/open_code/django-lfs/result.json",True
open_code,"evox",False,False,910.85,49666,step_max_monotonic,"container_id_parse_failure","experiment/results_merged_all_tools/merged_all_300_20260414-150349/artifacts/open_code/evox/run.log","experiment/results_merged_all_tools/merged_all_300_20260414-150349/artifacts/open_code/evox/result.json",True
open_code,"fabric",True,False,218.97,50010,step_max_monotonic,"","experiment/results_merged_all_tools/merged_all_300_20260414-150349/artifacts/open_code/fabric/run.log","experiment/results_merged_all_tools/merged_all_300_20260414-150349/artifacts/open_code/fabric/result.json",False
open_code,"fastapi-pagination",True,False,354.63,55320,step_max_monotonic,"","experiment/results_merged_all_tools/merged_all_300_20260414-150349/artifacts/open_code/fastapi-pagination/run.log","experiment/results_merged_all_tools/merged_all_300_20260414-150349/artifacts/open_code/fastapi-pagination/result.json",False
open_code,"featuretools",True,False,903.95,67121,step_max_monotonic,"","experiment/results_merged_all_tools/merged_all_300_20260414-150349/artifacts/open_code/featuretools/run.log","experiment/results_merged_all_tools/merged_all_300_20260414-150349/artifacts/open_code/featuretools/result.json",True
open_code,"fhempy",False,False,417.23,45118,step_max_monotonic,"phase2_guilty","experiment/results_merged_all_tools/merged_all_300_20260414-150349/artifacts/open_code/fhempy/run.log","experiment/results_merged_all_tools/merged_all_300_20260414-150349/artifacts/open_code/fhempy/result.json",True
open_code,"flavio",True,False,281.69,32089,step_max_monotonic,"","experiment/results_merged_all_tools/merged_all_300_20260414-150349/artifacts/open_code/flavio/run.log","experiment/results_merged_all_tools/merged_all_300_20260414-150349/artifacts/open_code/flavio/result.json",False
open_code,"giskard",True,False,211.99,42881,step_max_monotonic,"","experiment/results_merged_all_tools/merged_all_300_20260414-150349/artifacts/open_code/giskard/run.log","experiment/results_merged_all_tools/merged_all_300_20260414-150349/artifacts/open_code/giskard/result.json",False
open_code,"gpflow",True,False,711.85,55889,step_max_monotonic,"","experiment/results_merged_all_tools/merged_all_300_20260414-150349/artifacts/open_code/gpflow/run.log","experiment/results_merged_all_tools/merged_all_300_20260414-150349/artifacts/open_code/gpflow/result.json",False
open_code,"great-tables",True,False,351.27,38817,step_max_monotonic,"","experiment/results_merged_all_tools/merged_all_300_20260414-150349/artifacts/open_code/great-tables/run.log","experiment/results_merged_all_tools/merged_all_300_20260414-150349/artifacts/open_code/great-tables/result.json",False
open_code,"guardrails",True,False,290.58,45965,step_max_monotonic,"","experiment/results_merged_all_tools/merged_all_300_20260414-150349/artifacts/open_code/guardrails/run.log","experiment/results_merged_all_tools/merged_all_300_20260414-150349/artifacts/open_code/guardrails/result.json",False
open_code,"hacs_waste_collection_schedule",True,False,367.72,57450,step_max_monotonic,"","experiment/results_merged_all_tools/merged_all_300_20260414-150349/artifacts/open_code/hacs_waste_collection_schedule/run.log","experiment/results_merged_all_tools/merged_all_300_20260414-150349/artifacts/open_code/hacs_waste_collection_schedule/result.json",False
open_code,"huxley",True,False,485.64,66998,step_max_monotonic,"","experiment/results_merged_all_tools/merged_all_300_20260414-150349/artifacts/open_code/huxley/run.log","experiment/results_merged_all_tools/merged_all_300_20260414-150349/artifacts/open_code/huxley/result.json",False
open_code,"hydra",True,False,364.93,67659,step_max_monotonic,"","experiment/results_merged_all_tools/merged_all_300_20260414-150349/artifacts/open_code/hydra/run.log","experiment/results_merged_all_tools/merged_all_300_20260414-150349/artifacts/open_code/hydra/result.json",False
open_code,"ilamb",True,False,821.85,101610,step_max_monotonic,"","experiment/results_merged_all_tools/merged_all_300_20260414-150349/artifacts/open_code/ilamb/run.log","experiment/results_merged_all_tools/merged_all_300_20260414-150349/artifacts/open_code/ilamb/result.json",False
open_code,"importlib_metadata",False,False,907.04,36677,step_max_monotonic,"container_id_parse_failure","experiment/results_merged_all_tools/merged_all_300_20260414-150349/artifacts/open_code/importlib_metadata/run.log","experiment/results_merged_all_tools/merged_all_300_20260414-150349/artifacts/open_code/importlib_metadata/result.json",True
open_code,"improv",True,False,761.49,53390,step_max_monotonic,"","experiment/results_merged_all_tools/merged_all_300_20260414-150349/artifacts/open_code/improv/run.log","experiment/results_merged_all_tools/merged_all_300_20260414-150349/artifacts/open_code/improv/result.json",False
open_code,"kedro",True,False,324.75,28888,step_max_monotonic,"","experiment/results_merged_all_tools/merged_all_300_20260414-150349/artifacts/open_code/kedro/run.log","experiment/results_merged_all_tools/merged_all_300_20260414-150349/artifacts/open_code/kedro/result.json",True
open_code,"kernel_tuner",True,False,232.49,39093,step_max_monotonic,"","experiment/results_merged_all_tools/merged_all_300_20260414-150349/artifacts/open_code/kernel_tuner/run.log","experiment/results_merged_all_tools/merged_all_300_20260414-150349/artifacts/open_code/kernel_tuner/result.json",False
open_code,"keyring",True,False,150.67,36341,step_max_monotonic,"","experiment/results_merged_all_tools/merged_all_300_20260414-150349/artifacts/open_code/keyring/run.log","experiment/results_merged_all_tools/merged_all_300_20260414-150349/artifacts/open_code/keyring/result.json",False
open_code,"kh2randomizer",False,False,454.47,46936,step_max_monotonic,"phase2_guilty","experiment/results_merged_all_tools/merged_all_300_20260414-150349/artifacts/open_code/kh2randomizer/run.log","experiment/results_merged_all_tools/merged_all_300_20260414-150349/artifacts/open_code/kh2randomizer/result.json",True
open_code,"langgraph",True,False,749.47,34323,step_max_monotonic,"","experiment/results_merged_all_tools/merged_all_300_20260414-150349/artifacts/open_code/langgraph/run.log","experiment/results_merged_all_tools/merged_all_300_20260414-150349/artifacts/open_code/langgraph/result.json",False
open_code,"lark",True,False,99.98,28353,step_max_monotonic,"","experiment/results_merged_all_tools/merged_all_300_20260414-150349/artifacts/open_code/lark/run.log","experiment/results_merged_all_tools/merged_all_300_20260414-150349/artifacts/open_code/lark/result.json",False
open_code,"lifelines",False,False,909.9,20382,step_max_monotonic,"container_id_parse_failure","experiment/results_merged_all_tools/merged_all_300_20260414-150349/artifacts/open_code/lifelines/run.log","experiment/results_merged_all_tools/merged_all_300_20260414-150349/artifacts/open_code/lifelines/result.json",True
open_code,"litgpt",True,False,733.63,72752,step_max_monotonic,"","experiment/results_merged_all_tools/merged_all_300_20260414-150349/artifacts/open_code/litgpt/run.log","experiment/results_merged_all_tools/merged_all_300_20260414-150349/artifacts/open_code/litgpt/result.json",False
open_code,"luigi",True,False,312.11,34599,step_max_monotonic,"","experiment/results_merged_all_tools/merged_all_300_20260414-150349/artifacts/open_code/luigi/run.log","experiment/results_merged_all_tools/merged_all_300_20260414-150349/artifacts/open_code/luigi/result.json",True
open_code,"meerkat",True,False,667.64,55619,step_max_monotonic,"","experiment/results_merged_all_tools/merged_all_300_20260414-150349/artifacts/open_code/meerkat/run.log","experiment/results_merged_all_tools/merged_all_300_20260414-150349/artifacts/open_code/meerkat/result.json",False
open_code,"memegen",True,False,456.56,29458,step_max_monotonic,"","experiment/results_merged_all_tools/merged_all_300_20260414-150349/artifacts/open_code/memegen/run.log","experiment/results_merged_all_tools/merged_all_300_20260414-150349/artifacts/open_code/memegen/result.json",False
open_code,"molecule",True,False,349.3,39935,step_max_monotonic,"","experiment/results_merged_all_tools/merged_all_300_20260414-150349/artifacts/open_code/molecule/run.log","experiment/results_merged_all_tools/merged_all_300_20260414-150349/artifacts/open_code/molecule/result.json",False
open_code,"monty",True,False,82.01,25038,step_max_monotonic,"","experiment/results_merged_all_tools/merged_all_300_20260414-150349/artifacts/open_code/monty/run.log","experiment/results_merged_all_tools/merged_all_300_20260414-150349/artifacts/open_code/monty/result.json",False
open_code,"mopidy",False,False,911.09,34789,step_max_monotonic,"container_id_parse_failure","experiment/results_merged_all_tools/merged_all_300_20260414-150349/artifacts/open_code/mopidy/run.log","experiment/results_merged_all_tools/merged_all_300_20260414-150349/artifacts/open_code/mopidy/result.json",True
open_code,"mteb",False,False,918.18,33041,step_max_monotonic,"container_id_parse_failure","experiment/results_merged_all_tools/merged_all_300_20260414-150349/artifacts/open_code/mteb/run.log","experiment/results_merged_all_tools/merged_all_300_20260414-150349/artifacts/open_code/mteb/result.json",True
open_code,"netbox",False,False,923.87,32728,step_max_monotonic,"container_id_parse_failure","experiment/results_merged_all_tools/merged_all_300_20260414-150349/artifacts/open_code/netbox/run.log","experiment/results_merged_all_tools/merged_all_300_20260414-150349/artifacts/open_code/netbox/result.json",True
open_code,"neuralforecast",False,False,922.79,32713,step_max_monotonic,"container_id_parse_failure","experiment/results_merged_all_tools/merged_all_300_20260414-150349/artifacts/open_code/neuralforecast/run.log","experiment/results_merged_all_tools/merged_all_300_20260414-150349/artifacts/open_code/neuralforecast/result.json",True
open_code,"neurogym",True,False,364.37,40196,step_max_monotonic,"","experiment/results_merged_all_tools/merged_all_300_20260414-150349/artifacts/open_code/neurogym/run.log","experiment/results_merged_all_tools/merged_all_300_20260414-150349/artifacts/open_code/neurogym/result.json",False
open_code,"nevergrad",True,False,693.29,39986,step_max_monotonic,"","experiment/results_merged_all_tools/merged_all_300_20260414-150349/artifacts/open_code/nevergrad/run.log","experiment/results_merged_all_tools/merged_all_300_20260414-150349/artifacts/open_code/nevergrad/result.json",True
open_code,"nonebot2",False,False,906.86,37603,step_max_monotonic,"container_id_parse_failure","experiment/results_merged_all_tools/merged_all_300_20260414-150349/artifacts/open_code/nonebot2/run.log","experiment/results_merged_all_tools/merged_all_300_20260414-150349/artifacts/open_code/nonebot2/result.json",True
open_code,"openqasm",True,False,254.4,60874,step_max_monotonic,"","experiment/results_merged_all_tools/merged_all_300_20260414-150349/artifacts/open_code/openqasm/run.log","experiment/results_merged_all_tools/merged_all_300_20260414-150349/artifacts/open_code/openqasm/result.json",False
open_code,"piccolo",True,False,235.25,45066,step_max_monotonic,"","experiment/results_merged_all_tools/merged_all_300_20260414-150349/artifacts/open_code/piccolo/run.log","experiment/results_merged_all_tools/merged_all_300_20260414-150349/artifacts/open_code/piccolo/result.json",False
open_code,"pip",True,False,301.75,43998,step_max_monotonic,"","experiment/results_merged_all_tools/merged_all_300_20260414-150349/artifacts/open_code/pip/run.log","experiment/results_merged_all_tools/merged_all_300_20260414-150349/artifacts/open_code/pip/result.json",False
open_code,"pip-tools",True,False,287.66,60089,step_max_monotonic,"","experiment/results_merged_all_tools/merged_all_300_20260414-150349/artifacts/open_code/pip-tools/run.log","experiment/results_merged_all_tools/merged_all_300_20260414-150349/artifacts/open_code/pip-tools/result.json",False
open_code,"platformio-core",False,False,1228.54,31918,step_max_monotonic,"container_id_parse_failure","experiment/results_merged_all_tools/merged_all_300_20260414-150349/artifacts/open_code/platformio-core/run.log","experiment/results_merged_all_tools/merged_all_300_20260414-150349/artifacts/open_code/platformio-core/result.json",True
open_code,"plotnine",True,False,464.5,37505,step_max_monotonic,"","experiment/results_merged_all_tools/merged_all_300_20260414-150349/artifacts/open_code/plotnine/run.log","experiment/results_merged_all_tools/merged_all_300_20260414-150349/artifacts/open_code/plotnine/result.json",False
open_code,"plugin.video.netflix",True,False,397.65,58385,step_max_monotonic,"","experiment/results_merged_all_tools/merged_all_300_20260414-150349/artifacts/open_code/plugin.video.netflix/run.log","experiment/results_merged_all_tools/merged_all_300_20260414-150349/artifacts/open_code/plugin.video.netflix/result.json",False
open_code,"poetry",True,False,350.42,51722,step_max_monotonic,"","experiment/results_merged_all_tools/merged_all_300_20260414-150349/artifacts/open_code/poetry/run.log","experiment/results_merged_all_tools/merged_all_300_20260414-150349/artifacts/open_code/poetry/result.json",False
open_code,"pretalx",True,False,918.9,35705,step_max_monotonic,"","experiment/results_merged_all_tools/merged_all_300_20260414-150349/artifacts/open_code/pretalx/run.log","experiment/results_merged_all_tools/merged_all_300_20260414-150349/artifacts/open_code/pretalx/result.json",False
open_code,"proselint",True,False,111.37,31987,step_max_monotonic,"","experiment/results_merged_all_tools/merged_all_300_20260414-150349/artifacts/open_code/proselint/run.log","experiment/results_merged_all_tools/merged_all_300_20260414-150349/artifacts/open_code/proselint/result.json",False
open_code,"py-evm",True,False,826.25,38839,step_max_monotonic,"","experiment/results_merged_all_tools/merged_all_300_20260414-150349/artifacts/open_code/py-evm/run.log","experiment/results_merged_all_tools/merged_all_300_20260414-150349/artifacts/open_code/py-evm/result.json",False
open_code,"pyftpdlib",True,False,358.2,43127,step_max_monotonic,"","experiment/results_merged_all_tools/merged_all_300_20260414-150349/artifacts/open_code/pyftpdlib/run.log","experiment/results_merged_all_tools/merged_all_300_20260414-150349/artifacts/open_code/pyftpdlib/result.json",False
open_code,"pypose",True,False,383.93,30085,step_max_monotonic,"","experiment/results_merged_all_tools/merged_all_300_20260414-150349/artifacts/open_code/pypose/run.log","experiment/results_merged_all_tools/merged_all_300_20260414-150349/artifacts/open_code/pypose/result.json",False
open_code,"pytest-xdist",True,False,254.19,25528,step_max_monotonic,"","experiment/results_merged_all_tools/merged_all_300_20260414-150349/artifacts/open_code/pytest-xdist/run.log","experiment/results_merged_all_tools/merged_all_300_20260414-150349/artifacts/open_code/pytest-xdist/result.json",False
open_code,"python-control",True,False,497.89,30527,step_max_monotonic,"","experiment/results_merged_all_tools/merged_all_300_20260414-150349/artifacts/open_code/python-control/run.log","experiment/results_merged_all_tools/merged_all_300_20260414-150349/artifacts/open_code/python-control/result.json",False
open_code,"python-holidays",True,False,300.09,28032,step_max_monotonic,"","experiment/results_merged_all_tools/merged_all_300_20260414-150349/artifacts/open_code/python-holidays/run.log","experiment/results_merged_all_tools/merged_all_300_20260414-150349/artifacts/open_code/python-holidays/result.json",False
open_code,"pytorch-metric-learning",True,False,555.51,39151,step_max_monotonic,"","experiment/results_merged_all_tools/merged_all_300_20260414-150349/artifacts/open_code/pytorch-metric-learning/run.log","experiment/results_merged_all_tools/merged_all_300_20260414-150349/artifacts/open_code/pytorch-metric-learning/result.json",False
open_code,"recipe-scrapers",True,False,243.72,29072,step_max_monotonic,"","experiment/results_merged_all_tools/merged_all_300_20260414-150349/artifacts/open_code/recipe-scrapers/run.log","experiment/results_merged_all_tools/merged_all_300_20260414-150349/artifacts/open_code/recipe-scrapers/result.json",False
open_code,"river",True,False,321.74,33698,step_max_monotonic,"","experiment/results_merged_all_tools/merged_all_300_20260414-150349/artifacts/open_code/river/run.log","experiment/results_merged_all_tools/merged_all_300_20260414-150349/artifacts/open_code/river/result.json",False
open_code,"rl4co",True,False,659.63,42510,step_max_monotonic,"","experiment/results_merged_all_tools/merged_all_300_20260414-150349/artifacts/open_code/rl4co/run.log","experiment/results_merged_all_tools/merged_all_300_20260414-150349/artifacts/open_code/rl4co/result.json",True
open_code,"robotframework",True,False,362.83,54441,step_max_monotonic,"","experiment/results_merged_all_tools/merged_all_300_20260414-150349/artifacts/open_code/robotframework/run.log","experiment/results_merged_all_tools/merged_all_300_20260414-150349/artifacts/open_code/robotframework/result.json",True
open_code,"scvelo",True,False,572.07,65374,step_max_monotonic,"","experiment/results_merged_all_tools/merged_all_300_20260414-150349/artifacts/open_code/scvelo/run.log","experiment/results_merged_all_tools/merged_all_300_20260414-150349/artifacts/open_code/scvelo/result.json",False
open_code,"sentry-python",True,False,521.58,48583,step_max_monotonic,"","experiment/results_merged_all_tools/merged_all_300_20260414-150349/artifacts/open_code/sentry-python/run.log","experiment/results_merged_all_tools/merged_all_300_20260414-150349/artifacts/open_code/sentry-python/result.json",False
open_code,"skrub",True,False,795.75,42765,step_max_monotonic,"","experiment/results_merged_all_tools/merged_all_300_20260414-150349/artifacts/open_code/skrub/run.log","experiment/results_merged_all_tools/merged_all_300_20260414-150349/artifacts/open_code/skrub/result.json",False
open_code,"smart_open",True,False,255.41,40344,step_max_monotonic,"","experiment/results_merged_all_tools/merged_all_300_20260414-150349/artifacts/open_code/smart_open/run.log","experiment/results_merged_all_tools/merged_all_300_20260414-150349/artifacts/open_code/smart_open/result.json",False
open_code,"sphinx-gallery",True,False,331.55,56017,step_max_monotonic,"","experiment/results_merged_all_tools/merged_all_300_20260414-150349/artifacts/open_code/sphinx-gallery/run.log","experiment/results_merged_all_tools/merged_all_300_20260414-150349/artifacts/open_code/sphinx-gallery/result.json",False
open_code,"supervision",True,False,437.74,44784,step_max_monotonic,"","experiment/results_merged_all_tools/merged_all_300_20260414-150349/artifacts/open_code/supervision/run.log","experiment/results_merged_all_tools/merged_all_300_20260414-150349/artifacts/open_code/supervision/result.json",False
open_code,"tablib",True,False,822.59,21135,step_max_monotonic,"","experiment/results_merged_all_tools/merged_all_300_20260414-150349/artifacts/open_code/tablib/run.log","experiment/results_merged_all_tools/merged_all_300_20260414-150349/artifacts/open_code/tablib/result.json",False
open_code,"tmuxp",True,False,118.56,41488,step_max_monotonic,"","experiment/results_merged_all_tools/merged_all_300_20260414-150349/artifacts/open_code/tmuxp/run.log","experiment/results_merged_all_tools/merged_all_300_20260414-150349/artifacts/open_code/tmuxp/result.json",False
open_code,"torchgeo",False,False,921.7,41327,step_max_monotonic,"container_id_parse_failure","experiment/results_merged_all_tools/merged_all_300_20260414-150349/artifacts/open_code/torchgeo/run.log","experiment/results_merged_all_tools/merged_all_300_20260414-150349/artifacts/open_code/torchgeo/result.json",True
open_code,"tortoise-orm",True,False,111.62,25402,step_max_monotonic,"","experiment/results_merged_all_tools/merged_all_300_20260414-150349/artifacts/open_code/tortoise-orm/run.log","experiment/results_merged_all_tools/merged_all_300_20260414-150349/artifacts/open_code/tortoise-orm/result.json",False
open_code,"trafilatura",True,False,387.72,41847,step_max_monotonic,"","experiment/results_merged_all_tools/merged_all_300_20260414-150349/artifacts/open_code/trafilatura/run.log","experiment/results_merged_all_tools/merged_all_300_20260414-150349/artifacts/open_code/trafilatura/result.json",False
open_code,"trax",True,False,855.92,43869,step_max_monotonic,"","experiment/results_merged_all_tools/merged_all_300_20260414-150349/artifacts/open_code/trax/run.log","experiment/results_merged_all_tools/merged_all_300_20260414-150349/artifacts/open_code/trax/result.json",False
open_code,"twine",True,False,130.54,22586,step_max_monotonic,"","experiment/results_merged_all_tools/merged_all_300_20260414-150349/artifacts/open_code/twine/run.log","experiment/results_merged_all_tools/merged_all_300_20260414-150349/artifacts/open_code/twine/result.json",False
open_code,"umap",True,False,567.08,32395,step_max_monotonic,"","experiment/results_merged_all_tools/merged_all_300_20260414-150349/artifacts/open_code/umap/run.log","experiment/results_merged_all_tools/merged_all_300_20260414-150349/artifacts/open_code/umap/result.json",False
open_code,"unyt",True,False,101.82,26126,step_max_monotonic,"","experiment/results_merged_all_tools/merged_all_300_20260414-150349/artifacts/open_code/unyt/run.log","experiment/results_merged_all_tools/merged_all_300_20260414-150349/artifacts/open_code/unyt/result.json",False
open_code,"wagtailmenus",True,False,256.44,29539,step_max_monotonic,"","experiment/results_merged_all_tools/merged_all_300_20260414-150349/artifacts/open_code/wagtailmenus/run.log","experiment/results_merged_all_tools/merged_all_300_20260414-150349/artifacts/open_code/wagtailmenus/result.json",False
open_code,"xknx",True,False,751.32,34859,step_max_monotonic,"","experiment/results_merged_all_tools/merged_all_300_20260414-150349/artifacts/open_code/xknx/run.log","experiment/results_merged_all_tools/merged_all_300_20260414-150349/artifacts/open_code/xknx/result.json",False
open_code,"yapf",True,False,86.61,19984,step_max_monotonic,"","experiment/results_merged_all_tools/merged_all_300_20260414-150349/artifacts/open_code/yapf/run.log","experiment/results_merged_all_tools/merged_all_300_20260414-150349/artifacts/open_code/yapf/result.json",True
qwen_code,"acme",True,False,774.62,70765,usage_max,"","experiment/results_merged_all_tools/merged_all_300_20260414-150349/artifacts/qwen_code/acme/run.log","experiment/results_merged_all_tools/merged_all_300_20260414-150349/artifacts/qwen_code/acme/result.json",False
qwen_code,"adaptix",True,False,200.72,40479,usage_max,"","experiment/results_merged_all_tools/merged_all_300_20260414-150349/artifacts/qwen_code/adaptix/run.log","experiment/results_merged_all_tools/merged_all_300_20260414-150349/artifacts/qwen_code/adaptix/result.json",False
qwen_code,"aiogram_dialog",True,False,123.48,31867,usage_max,"","experiment/results_merged_all_tools/merged_all_300_20260414-150349/artifacts/qwen_code/aiogram_dialog/run.log","experiment/results_merged_all_tools/merged_all_300_20260414-150349/artifacts/qwen_code/aiogram_dialog/result.json",False
qwen_code,"ajenti",False,False,401.73,150566,usage_max,"phase2_guilty","experiment/results_merged_all_tools/merged_all_300_20260414-150349/artifacts/qwen_code/ajenti/run.log","experiment/results_merged_all_tools/merged_all_300_20260414-150349/artifacts/qwen_code/ajenti/result.json",False
qwen_code,"androidviewclient",True,False,297.14,55987,usage_max,"","experiment/results_merged_all_tools/merged_all_300_20260414-150349/artifacts/qwen_code/androidviewclient/run.log","experiment/results_merged_all_tools/merged_all_300_20260414-150349/artifacts/qwen_code/androidviewclient/result.json",False
qwen_code,"apiflask",True,False,181.83,41223,usage_max,"","experiment/results_merged_all_tools/merged_all_300_20260414-150349/artifacts/qwen_code/apiflask/run.log","experiment/results_merged_all_tools/merged_all_300_20260414-150349/artifacts/qwen_code/apiflask/result.json",False
qwen_code,"armi",True,False,779.68,50929,usage_max,"","experiment/results_merged_all_tools/merged_all_300_20260414-150349/artifacts/qwen_code/armi/run.log","experiment/results_merged_all_tools/merged_all_300_20260414-150349/artifacts/qwen_code/armi/result.json",False
qwen_code,"asdf-standard",True,False,99.63,33151,usage_max,"","experiment/results_merged_all_tools/merged_all_300_20260414-150349/artifacts/qwen_code/asdf-standard/run.log","experiment/results_merged_all_tools/merged_all_300_20260414-150349/artifacts/qwen_code/asdf-standard/result.json",False
qwen_code,"autograd",False,False,167.17,30466,usage_max,"io_timeout","experiment/results_merged_all_tools/merged_all_300_20260414-150349/artifacts/qwen_code/autograd/run.log","experiment/results_merged_all_tools/merged_all_300_20260414-150349/artifacts/qwen_code/autograd/result.json",False
qwen_code,"automlbenchmark",True,False,436.23,68494,usage_max,"","experiment/results_merged_all_tools/merged_all_300_20260414-150349/artifacts/qwen_code/automlbenchmark/run.log","experiment/results_merged_all_tools/merged_all_300_20260414-150349/artifacts/qwen_code/automlbenchmark/result.json",False
qwen_code,"bitcart",True,False,216.95,178746,usage_max,"","experiment/results_merged_all_tools/merged_all_300_20260414-150349/artifacts/qwen_code/bitcart/run.log","experiment/results_merged_all_tools/merged_all_300_20260414-150349/artifacts/qwen_code/bitcart/result.json",False
qwen_code,"briefcase",True,False,167.82,38636,usage_max,"","experiment/results_merged_all_tools/merged_all_300_20260414-150349/artifacts/qwen_code/briefcase/run.log","experiment/results_merged_all_tools/merged_all_300_20260414-150349/artifacts/qwen_code/briefcase/result.json",False
qwen_code,"cantools",True,False,108.07,32844,usage_max,"","experiment/results_merged_all_tools/merged_all_300_20260414-150349/artifacts/qwen_code/cantools/run.log","experiment/results_merged_all_tools/merged_all_300_20260414-150349/artifacts/qwen_code/cantools/result.json",False
qwen_code,"cclib",True,False,461.91,52734,usage_max,"","experiment/results_merged_all_tools/merged_all_300_20260414-150349/artifacts/qwen_code/cclib/run.log","experiment/results_merged_all_tools/merged_all_300_20260414-150349/artifacts/qwen_code/cclib/result.json",False
qwen_code,"cellrank",True,False,1076.91,40553,usage_max,"","experiment/results_merged_all_tools/merged_all_300_20260414-150349/artifacts/qwen_code/cellrank/run.log","experiment/results_merged_all_tools/merged_all_300_20260414-150349/artifacts/qwen_code/cellrank/result.json",True
qwen_code,"cheroot",True,False,197.85,48629,usage_max,"","experiment/results_merged_all_tools/merged_all_300_20260414-150349/artifacts/qwen_code/cheroot/run.log","experiment/results_merged_all_tools/merged_all_300_20260414-150349/artifacts/qwen_code/cheroot/result.json",True
qwen_code,"civet",True,False,699.68,163261,usage_max,"","experiment/results_merged_all_tools/merged_all_300_20260414-150349/artifacts/qwen_code/civet/run.log","experiment/results_merged_all_tools/merged_all_300_20260414-150349/artifacts/qwen_code/civet/result.json",True
qwen_code,"columnflow",False,False,538.88,89261,usage_max,"phase2_guilty","experiment/results_merged_all_tools/merged_all_300_20260414-150349/artifacts/qwen_code/columnflow/run.log","experiment/results_merged_all_tools/merged_all_300_20260414-150349/artifacts/qwen_code/columnflow/result.json",False
qwen_code,"connexion",True,False,264.78,155933,usage_max,"","experiment/results_merged_all_tools/merged_all_300_20260414-150349/artifacts/qwen_code/connexion/run.log","experiment/results_merged_all_tools/merged_all_300_20260414-150349/artifacts/qwen_code/connexion/result.json",False
qwen_code,"cookiecutter",True,False,108.7,33527,usage_max,"","experiment/results_merged_all_tools/merged_all_300_20260414-150349/artifacts/qwen_code/cookiecutter/run.log","experiment/results_merged_all_tools/merged_all_300_20260414-150349/artifacts/qwen_code/cookiecutter/result.json",False
qwen_code,"datamol",True,False,415.22,39365,usage_max,"","experiment/results_merged_all_tools/merged_all_300_20260414-150349/artifacts/qwen_code/datamol/run.log","experiment/results_merged_all_tools/merged_all_300_20260414-150349/artifacts/qwen_code/datamol/result.json",False
qwen_code,"datasets",True,False,426.97,37093,usage_max,"","experiment/results_merged_all_tools/merged_all_300_20260414-150349/artifacts/qwen_code/datasets/run.log","experiment/results_merged_all_tools/merged_all_300_20260414-150349/artifacts/qwen_code/datasets/result.json",False
qwen_code,"dj-stripe",True,False,338.36,30373,usage_max,"","experiment/results_merged_all_tools/merged_all_300_20260414-150349/artifacts/qwen_code/dj-stripe/run.log","experiment/results_merged_all_tools/merged_all_300_20260414-150349/artifacts/qwen_code/dj-stripe/result.json",False
qwen_code,"django-autocomplete-light",False,False,161.83,43702,usage_max,"phase2_guilty","experiment/results_merged_all_tools/merged_all_300_20260414-150349/artifacts/qwen_code/django-autocomplete-light/run.log","experiment/results_merged_all_tools/merged_all_300_20260414-150349/artifacts/qwen_code/django-autocomplete-light/result.json",False
qwen_code,"django-lfs",False,False,584.99,83753,usage_max,"phase2_guilty","experiment/results_merged_all_tools/merged_all_300_20260414-150349/artifacts/qwen_code/django-lfs/run.log","experiment/results_merged_all_tools/merged_all_300_20260414-150349/artifacts/qwen_code/django-lfs/result.json",False
qwen_code,"evox",True,False,909.47,53015,usage_max,"","experiment/results_merged_all_tools/merged_all_300_20260414-150349/artifacts/qwen_code/evox/run.log","experiment/results_merged_all_tools/merged_all_300_20260414-150349/artifacts/qwen_code/evox/result.json",False
qwen_code,"fabric",True,False,157.03,53013,usage_max,"","experiment/results_merged_all_tools/merged_all_300_20260414-150349/artifacts/qwen_code/fabric/run.log","experiment/results_merged_all_tools/merged_all_300_20260414-150349/artifacts/qwen_code/fabric/result.json",False
qwen_code,"fastapi-pagination",True,False,86.33,41742,usage_max,"","experiment/results_merged_all_tools/merged_all_300_20260414-150349/artifacts/qwen_code/fastapi-pagination/run.log","experiment/results_merged_all_tools/merged_all_300_20260414-150349/artifacts/qwen_code/fastapi-pagination/result.json",False
qwen_code,"featuretools",True,False,1009.69,78227,usage_max,"","experiment/results_merged_all_tools/merged_all_300_20260414-150349/artifacts/qwen_code/featuretools/run.log","experiment/results_merged_all_tools/merged_all_300_20260414-150349/artifacts/qwen_code/featuretools/result.json",False
qwen_code,"fhempy",False,False,299.17,154461,usage_max,"phase2_guilty","experiment/results_merged_all_tools/merged_all_300_20260414-150349/artifacts/qwen_code/fhempy/run.log","experiment/results_merged_all_tools/merged_all_300_20260414-150349/artifacts/qwen_code/fhempy/result.json",False
qwen_code,"flavio",True,False,602.64,42724,usage_max,"","experiment/results_merged_all_tools/merged_all_300_20260414-150349/artifacts/qwen_code/flavio/run.log","experiment/results_merged_all_tools/merged_all_300_20260414-150349/artifacts/qwen_code/flavio/result.json",False
qwen_code,"giskard",True,False,173.15,45030,usage_max,"","experiment/results_merged_all_tools/merged_all_300_20260414-150349/artifacts/qwen_code/giskard/run.log","experiment/results_merged_all_tools/merged_all_300_20260414-150349/artifacts/qwen_code/giskard/result.json",False
qwen_code,"gpflow",True,False,1964.64,252469,usage_max,"","experiment/results_merged_all_tools/merged_all_300_20260414-150349/artifacts/qwen_code/gpflow/run.log","experiment/results_merged_all_tools/merged_all_300_20260414-150349/artifacts/qwen_code/gpflow/result.json",True
qwen_code,"great-tables",True,False,301.9,64082,usage_max,"","experiment/results_merged_all_tools/merged_all_300_20260414-150349/artifacts/qwen_code/great-tables/run.log","experiment/results_merged_all_tools/merged_all_300_20260414-150349/artifacts/qwen_code/great-tables/result.json",False
qwen_code,"guardrails",True,False,257.36,57466,usage_max,"","experiment/results_merged_all_tools/merged_all_300_20260414-150349/artifacts/qwen_code/guardrails/run.log","experiment/results_merged_all_tools/merged_all_300_20260414-150349/artifacts/qwen_code/guardrails/result.json",False
qwen_code,"hacs_waste_collection_schedule",True,False,260.23,46821,usage_max,"","experiment/results_merged_all_tools/merged_all_300_20260414-150349/artifacts/qwen_code/hacs_waste_collection_schedule/run.log","experiment/results_merged_all_tools/merged_all_300_20260414-150349/artifacts/qwen_code/hacs_waste_collection_schedule/result.json",False
qwen_code,"huxley",False,False,385.93,135047,usage_max,"phase2_guilty","experiment/results_merged_all_tools/merged_all_300_20260414-150349/artifacts/qwen_code/huxley/run.log","experiment/results_merged_all_tools/merged_all_300_20260414-150349/artifacts/qwen_code/huxley/result.json",False
qwen_code,"hydra",True,False,363.0,74916,usage_max,"","experiment/results_merged_all_tools/merged_all_300_20260414-150349/artifacts/qwen_code/hydra/run.log","experiment/results_merged_all_tools/merged_all_300_20260414-150349/artifacts/qwen_code/hydra/result.json",False
qwen_code,"ilamb",False,False,695.38,89180,usage_max,"io_timeout","experiment/results_merged_all_tools/merged_all_300_20260414-150349/artifacts/qwen_code/ilamb/run.log","experiment/results_merged_all_tools/merged_all_300_20260414-150349/artifacts/qwen_code/ilamb/result.json",False
qwen_code,"importlib_metadata",True,False,272.06,26464,usage_max,"","experiment/results_merged_all_tools/merged_all_300_20260414-150349/artifacts/qwen_code/importlib_metadata/run.log","experiment/results_merged_all_tools/merged_all_300_20260414-150349/artifacts/qwen_code/importlib_metadata/result.json",False
qwen_code,"improv",False,False,704.87,56512,usage_max,"phase2_guilty","experiment/results_merged_all_tools/merged_all_300_20260414-150349/artifacts/qwen_code/improv/run.log","experiment/results_merged_all_tools/merged_all_300_20260414-150349/artifacts/qwen_code/improv/result.json",False
qwen_code,"kedro",True,False,339.52,51742,usage_max,"","experiment/results_merged_all_tools/merged_all_300_20260414-150349/artifacts/qwen_code/kedro/run.log","experiment/results_merged_all_tools/merged_all_300_20260414-150349/artifacts/qwen_code/kedro/result.json",False
qwen_code,"kernel_tuner",True,False,194.98,41660,usage_max,"","experiment/results_merged_all_tools/merged_all_300_20260414-150349/artifacts/qwen_code/kernel_tuner/run.log","experiment/results_merged_all_tools/merged_all_300_20260414-150349/artifacts/qwen_code/kernel_tuner/result.json",False
qwen_code,"keyring",True,False,212.08,49009,usage_max,"","experiment/results_merged_all_tools/merged_all_300_20260414-150349/artifacts/qwen_code/keyring/run.log","experiment/results_merged_all_tools/merged_all_300_20260414-150349/artifacts/qwen_code/keyring/result.json",False
qwen_code,"kh2randomizer",True,False,254.58,35775,usage_max,"","experiment/results_merged_all_tools/merged_all_300_20260414-150349/artifacts/qwen_code/kh2randomizer/run.log","experiment/results_merged_all_tools/merged_all_300_20260414-150349/artifacts/qwen_code/kh2randomizer/result.json",False
qwen_code,"langgraph",True,False,515.6,32205,usage_max,"","experiment/results_merged_all_tools/merged_all_300_20260414-150349/artifacts/qwen_code/langgraph/run.log","experiment/results_merged_all_tools/merged_all_300_20260414-150349/artifacts/qwen_code/langgraph/result.json",False
qwen_code,"lark",True,False,101.74,26387,usage_max,"","experiment/results_merged_all_tools/merged_all_300_20260414-150349/artifacts/qwen_code/lark/run.log","experiment/results_merged_all_tools/merged_all_300_20260414-150349/artifacts/qwen_code/lark/result.json",False
qwen_code,"lifelines",True,False,833.1,45374,usage_max,"","experiment/results_merged_all_tools/merged_all_300_20260414-150349/artifacts/qwen_code/lifelines/run.log","experiment/results_merged_all_tools/merged_all_300_20260414-150349/artifacts/qwen_code/lifelines/result.json",False
qwen_code,"litgpt",True,False,1416.61,50624,usage_max,"","experiment/results_merged_all_tools/merged_all_300_20260414-150349/artifacts/qwen_code/litgpt/run.log","experiment/results_merged_all_tools/merged_all_300_20260414-150349/artifacts/qwen_code/litgpt/result.json",False
qwen_code,"luigi",True,False,221.69,36485,usage_max,"","experiment/results_merged_all_tools/merged_all_300_20260414-150349/artifacts/qwen_code/luigi/run.log","experiment/results_merged_all_tools/merged_all_300_20260414-150349/artifacts/qwen_code/luigi/result.json",False
qwen_code,"meerkat",True,False,963.17,81485,usage_max,"","experiment/results_merged_all_tools/merged_all_300_20260414-150349/artifacts/qwen_code/meerkat/run.log","experiment/results_merged_all_tools/merged_all_300_20260414-150349/artifacts/qwen_code/meerkat/result.json",False
qwen_code,"memegen",True,False,489.52,30221,usage_max,"","experiment/results_merged_all_tools/merged_all_300_20260414-150349/artifacts/qwen_code/memegen/run.log","experiment/results_merged_all_tools/merged_all_300_20260414-150349/artifacts/qwen_code/memegen/result.json",False
qwen_code,"molecule",True,False,1090.36,47911,usage_max,"","experiment/results_merged_all_tools/merged_all_300_20260414-150349/artifacts/qwen_code/molecule/run.log","experiment/results_merged_all_tools/merged_all_300_20260414-150349/artifacts/qwen_code/molecule/result.json",False
qwen_code,"monty",True,False,362.87,26773,usage_max,"","experiment/results_merged_all_tools/merged_all_300_20260414-150349/artifacts/qwen_code/monty/run.log","experiment/results_merged_all_tools/merged_all_300_20260414-150349/artifacts/qwen_code/monty/result.json",False
qwen_code,"mopidy",True,False,858.44,66880,usage_max,"","experiment/results_merged_all_tools/merged_all_300_20260414-150349/artifacts/qwen_code/mopidy/run.log","experiment/results_merged_all_tools/merged_all_300_20260414-150349/artifacts/qwen_code/mopidy/result.json",False
qwen_code,"mteb",True,False,1762.33,72613,usage_max,"","experiment/results_merged_all_tools/merged_all_300_20260414-150349/artifacts/qwen_code/mteb/run.log","experiment/results_merged_all_tools/merged_all_300_20260414-150349/artifacts/qwen_code/mteb/result.json",True
qwen_code,"netbox",True,False,1309.21,65131,usage_max,"","experiment/results_merged_all_tools/merged_all_300_20260414-150349/artifacts/qwen_code/netbox/run.log","experiment/results_merged_all_tools/merged_all_300_20260414-150349/artifacts/qwen_code/netbox/result.json",False
qwen_code,"neuralforecast",True,False,2944.29,48893,usage_max,"","experiment/results_merged_all_tools/merged_all_300_20260414-150349/artifacts/qwen_code/neuralforecast/run.log","experiment/results_merged_all_tools/merged_all_300_20260414-150349/artifacts/qwen_code/neuralforecast/result.json",True
qwen_code,"neurogym",True,False,409.17,52800,usage_max,"","experiment/results_merged_all_tools/merged_all_300_20260414-150349/artifacts/qwen_code/neurogym/run.log","experiment/results_merged_all_tools/merged_all_300_20260414-150349/artifacts/qwen_code/neurogym/result.json",False
qwen_code,"nevergrad",True,False,520.06,42404,usage_max,"","experiment/results_merged_all_tools/merged_all_300_20260414-150349/artifacts/qwen_code/nevergrad/run.log","experiment/results_merged_all_tools/merged_all_300_20260414-150349/artifacts/qwen_code/nevergrad/result.json",False
qwen_code,"nonebot2",True,False,757.13,99578,usage_max,"","experiment/results_merged_all_tools/merged_all_300_20260414-150349/artifacts/qwen_code/nonebot2/run.log","experiment/results_merged_all_tools/merged_all_300_20260414-150349/artifacts/qwen_code/nonebot2/result.json",False
qwen_code,"openqasm",True,False,247.06,81340,usage_max,"","experiment/results_merged_all_tools/merged_all_300_20260414-150349/artifacts/qwen_code/openqasm/run.log","experiment/results_merged_all_tools/merged_all_300_20260414-150349/artifacts/qwen_code/openqasm/result.json",False
qwen_code,"piccolo",True,False,468.73,48915,usage_max,"","experiment/results_merged_all_tools/merged_all_300_20260414-150349/artifacts/qwen_code/piccolo/run.log","experiment/results_merged_all_tools/merged_all_300_20260414-150349/artifacts/qwen_code/piccolo/result.json",False
qwen_code,"pip",True,False,264.89,38159,usage_max,"","experiment/results_merged_all_tools/merged_all_300_20260414-150349/artifacts/qwen_code/pip/run.log","experiment/results_merged_all_tools/merged_all_300_20260414-150349/artifacts/qwen_code/pip/result.json",False
qwen_code,"pip-tools",True,False,380.17,68252,usage_max,"","experiment/results_merged_all_tools/merged_all_300_20260414-150349/artifacts/qwen_code/pip-tools/run.log","experiment/results_merged_all_tools/merged_all_300_20260414-150349/artifacts/qwen_code/pip-tools/result.json",False
qwen_code,"platformio-core",True,False,866.16,37038,usage_max,"","experiment/results_merged_all_tools/merged_all_300_20260414-150349/artifacts/qwen_code/platformio-core/run.log","experiment/results_merged_all_tools/merged_all_300_20260414-150349/artifacts/qwen_code/platformio-core/result.json",False
qwen_code,"plotnine",True,False,336.61,48959,usage_max,"","experiment/results_merged_all_tools/merged_all_300_20260414-150349/artifacts/qwen_code/plotnine/run.log","experiment/results_merged_all_tools/merged_all_300_20260414-150349/artifacts/qwen_code/plotnine/result.json",False
qwen_code,"plugin.video.netflix",True,False,257.22,43494,usage_max,"","experiment/results_merged_all_tools/merged_all_300_20260414-150349/artifacts/qwen_code/plugin.video.netflix/run.log","experiment/results_merged_all_tools/merged_all_300_20260414-150349/artifacts/qwen_code/plugin.video.netflix/result.json",False
qwen_code,"poetry",False,False,299.68,178739,usage_max,"phase2_guilty","experiment/results_merged_all_tools/merged_all_300_20260414-150349/artifacts/qwen_code/poetry/run.log","experiment/results_merged_all_tools/merged_all_300_20260414-150349/artifacts/qwen_code/poetry/result.json",False
qwen_code,"pretalx",True,False,752.73,50345,usage_max,"","experiment/results_merged_all_tools/merged_all_300_20260414-150349/artifacts/qwen_code/pretalx/run.log","experiment/results_merged_all_tools/merged_all_300_20260414-150349/artifacts/qwen_code/pretalx/result.json",False
qwen_code,"proselint",True,False,90.28,28108,usage_max,"","experiment/results_merged_all_tools/merged_all_300_20260414-150349/artifacts/qwen_code/proselint/run.log","experiment/results_merged_all_tools/merged_all_300_20260414-150349/artifacts/qwen_code/proselint/result.json",False
qwen_code,"py-evm",True,False,283.48,39265,usage_max,"","experiment/results_merged_all_tools/merged_all_300_20260414-150349/artifacts/qwen_code/py-evm/run.log","experiment/results_merged_all_tools/merged_all_300_20260414-150349/artifacts/qwen_code/py-evm/result.json",False
qwen_code,"pyftpdlib",True,False,99.75,37898,usage_max,"","experiment/results_merged_all_tools/merged_all_300_20260414-150349/artifacts/qwen_code/pyftpdlib/run.log","experiment/results_merged_all_tools/merged_all_300_20260414-150349/artifacts/qwen_code/pyftpdlib/result.json",False
qwen_code,"pypose",True,False,401.71,41002,usage_max,"","experiment/results_merged_all_tools/merged_all_300_20260414-150349/artifacts/qwen_code/pypose/run.log","experiment/results_merged_all_tools/merged_all_300_20260414-150349/artifacts/qwen_code/pypose/result.json",False
qwen_code,"pytest-xdist",True,False,215.42,32368,usage_max,"","experiment/results_merged_all_tools/merged_all_300_20260414-150349/artifacts/qwen_code/pytest-xdist/run.log","experiment/results_merged_all_tools/merged_all_300_20260414-150349/artifacts/qwen_code/pytest-xdist/result.json",False
qwen_code,"python-control",True,False,536.39,38339,usage_max,"","experiment/results_merged_all_tools/merged_all_300_20260414-150349/artifacts/qwen_code/python-control/run.log","experiment/results_merged_all_tools/merged_all_300_20260414-150349/artifacts/qwen_code/python-control/result.json",False
qwen_code,"python-holidays",False,False,23.25,13907,usage_max,"phase2_guilty","experiment/results_merged_all_tools/merged_all_300_20260414-150349/artifacts/qwen_code/python-holidays/run.log","experiment/results_merged_all_tools/merged_all_300_20260414-150349/artifacts/qwen_code/python-holidays/result.json",False
qwen_code,"pytorch-metric-learning",True,False,644.76,55184,usage_max,"","experiment/results_merged_all_tools/merged_all_300_20260414-150349/artifacts/qwen_code/pytorch-metric-learning/run.log","experiment/results_merged_all_tools/merged_all_300_20260414-150349/artifacts/qwen_code/pytorch-metric-learning/result.json",False
qwen_code,"recipe-scrapers",True,False,250.68,33650,usage_max,"","experiment/results_merged_all_tools/merged_all_300_20260414-150349/artifacts/qwen_code/recipe-scrapers/run.log","experiment/results_merged_all_tools/merged_all_300_20260414-150349/artifacts/qwen_code/recipe-scrapers/result.json",False
qwen_code,"river",True,False,388.66,37054,usage_max,"","experiment/results_merged_all_tools/merged_all_300_20260414-150349/artifacts/qwen_code/river/run.log","experiment/results_merged_all_tools/merged_all_300_20260414-150349/artifacts/qwen_code/river/result.json",False
qwen_code,"rl4co",True,False,1070.95,51591,usage_max,"","experiment/results_merged_all_tools/merged_all_300_20260414-150349/artifacts/qwen_code/rl4co/run.log","experiment/results_merged_all_tools/merged_all_300_20260414-150349/artifacts/qwen_code/rl4co/result.json",False
qwen_code,"robotframework",True,False,263.36,61488,usage_max,"","experiment/results_merged_all_tools/merged_all_300_20260414-150349/artifacts/qwen_code/robotframework/run.log","experiment/results_merged_all_tools/merged_all_300_20260414-150349/artifacts/qwen_code/robotframework/result.json",False
qwen_code,"scvelo",True,False,256.57,45706,usage_max,"","experiment/results_merged_all_tools/merged_all_300_20260414-150349/artifacts/qwen_code/scvelo/run.log","experiment/results_merged_all_tools/merged_all_300_20260414-150349/artifacts/qwen_code/scvelo/result.json",False
qwen_code,"sentry-python",False,False,952.72,49297,usage_max,"phase2_guilty","experiment/results_merged_all_tools/merged_all_300_20260414-150349/artifacts/qwen_code/sentry-python/run.log","experiment/results_merged_all_tools/merged_all_300_20260414-150349/artifacts/qwen_code/sentry-python/result.json",False
qwen_code,"skrub",False,False,684.02,37307,usage_max,"_ssl.c:1015: The handshake operation timed out","experiment/results_merged_all_tools/merged_all_300_20260414-150349/artifacts/qwen_code/skrub/run.log","experiment/results_merged_all_tools/merged_all_300_20260414-150349/artifacts/qwen_code/skrub/result.json",False
qwen_code,"smart_open",True,False,202.26,45809,usage_max,"","experiment/results_merged_all_tools/merged_all_300_20260414-150349/artifacts/qwen_code/smart_open/run.log","experiment/results_merged_all_tools/merged_all_300_20260414-150349/artifacts/qwen_code/smart_open/result.json",False
qwen_code,"sphinx-gallery",True,False,317.74,54304,usage_max,"","experiment/results_merged_all_tools/merged_all_300_20260414-150349/artifacts/qwen_code/sphinx-gallery/run.log","experiment/results_merged_all_tools/merged_all_300_20260414-150349/artifacts/qwen_code/sphinx-gallery/result.json",False
qwen_code,"supervision",True,False,733.54,42325,usage_max,"","experiment/results_merged_all_tools/merged_all_300_20260414-150349/artifacts/qwen_code/supervision/run.log","experiment/results_merged_all_tools/merged_all_300_20260414-150349/artifacts/qwen_code/supervision/result.json",False
qwen_code,"tablib",True,False,73.32,29705,usage_max,"","experiment/results_merged_all_tools/merged_all_300_20260414-150349/artifacts/qwen_code/tablib/run.log","experiment/results_merged_all_tools/merged_all_300_20260414-150349/artifacts/qwen_code/tablib/result.json",False
qwen_code,"tmuxp",True,False,129.38,33684,usage_max,"","experiment/results_merged_all_tools/merged_all_300_20260414-150349/artifacts/qwen_code/tmuxp/run.log","experiment/results_merged_all_tools/merged_all_300_20260414-150349/artifacts/qwen_code/tmuxp/result.json",False
qwen_code,"torchgeo",True,False,1660.33,89932,usage_max,"","experiment/results_merged_all_tools/merged_all_300_20260414-150349/artifacts/qwen_code/torchgeo/run.log","experiment/results_merged_all_tools/merged_all_300_20260414-150349/artifacts/qwen_code/torchgeo/result.json",False
qwen_code,"tortoise-orm",True,False,141.72,34954,usage_max,"","experiment/results_merged_all_tools/merged_all_300_20260414-150349/artifacts/qwen_code/tortoise-orm/run.log","experiment/results_merged_all_tools/merged_all_300_20260414-150349/artifacts/qwen_code/tortoise-orm/result.json",False
qwen_code,"trafilatura",True,False,227.35,33450,usage_max,"","experiment/results_merged_all_tools/merged_all_300_20260414-150349/artifacts/qwen_code/trafilatura/run.log","experiment/results_merged_all_tools/merged_all_300_20260414-150349/artifacts/qwen_code/trafilatura/result.json",False
qwen_code,"trax",True,False,1014.94,46754,usage_max,"","experiment/results_merged_all_tools/merged_all_300_20260414-150349/artifacts/qwen_code/trax/run.log","experiment/results_merged_all_tools/merged_all_300_20260414-150349/artifacts/qwen_code/trax/result.json",False
qwen_code,"twine",True,False,174.72,40093,usage_max,"","experiment/results_merged_all_tools/merged_all_300_20260414-150349/artifacts/qwen_code/twine/run.log","experiment/results_merged_all_tools/merged_all_300_20260414-150349/artifacts/qwen_code/twine/result.json",False
qwen_code,"umap",True,False,840.15,38767,usage_max,"","experiment/results_merged_all_tools/merged_all_300_20260414-150349/artifacts/qwen_code/umap/run.log","experiment/results_merged_all_tools/merged_all_300_20260414-150349/artifacts/qwen_code/umap/result.json",False
qwen_code,"unyt",True,False,91.3,27492,usage_max,"","experiment/results_merged_all_tools/merged_all_300_20260414-150349/artifacts/qwen_code/unyt/run.log","experiment/results_merged_all_tools/merged_all_300_20260414-150349/artifacts/qwen_code/unyt/result.json",False
qwen_code,"wagtailmenus",True,False,186.37,31098,usage_max,"","experiment/results_merged_all_tools/merged_all_300_20260414-150349/artifacts/qwen_code/wagtailmenus/run.log","experiment/results_merged_all_tools/merged_all_300_20260414-150349/artifacts/qwen_code/wagtailmenus/result.json",False
qwen_code,"xknx",True,False,184.51,39073,usage_max,"","experiment/results_merged_all_tools/merged_all_300_20260414-150349/artifacts/qwen_code/xknx/run.log","experiment/results_merged_all_tools/merged_all_300_20260414-150349/artifacts/qwen_code/xknx/result.json",False
qwen_code,"yapf",True,False,84.51,28239,usage_max,"","experiment/results_merged_all_tools/merged_all_300_20260414-150349/artifacts/qwen_code/yapf/run.log","experiment/results_merged_all_tools/merged_all_300_20260414-150349/artifacts/qwen_code/yapf/result.json",False
